,Name,Boxes_t,Boxes_i,Labels
0,aviary_songs_chan13_chunk000.wav,"[[1.4077589999999989, 2.4287709999999834], [2.4983849999999848, 3.1790599999999927], [3.8636019999999576, 4.787926999999968], [5.5266129999999976, 6.102865999999948]]","[[301, 0, 519, 129], [534, 0, 680, 129], [827, 0, 1025, 129], [1183, 0, 1307, 129]]","['c', 'n', 'n', 'n']"
1,aviary_songs_chan13_chunk001.wav,"[[0.0007716618027870936, 0.6427706618027855], [0.7433256618027713, 1.8610236618027896], [1.9925176618027647, 2.9593846618028015], [3.2571796618027524, 4.548914661802769], [4.545042661802768, 5.295337661802762]]","[[0, 0, 137, 129], [158, 0, 398, 129], [426, 0, 633, 129], [697, 0, 974, 129], [973, 0, 1134, 129]]","['c', 'c', 'c', 'c', 'c']"
2,aviary_songs_chan13_chunk002.wav,"[[0.19603340083824605, 0.8419014008382533], [0.9308524008382619, 1.9015874008382525], [1.9363944008382532, 3.1430454008382185], [4.017093400838235, 5.049707400838258]]","[[41, 0, 179, 129], [198, 0, 406, 129], [414, 0, 672, 129], [860, 0, 1081, 129]]","['c', 'c', 'c', 'c']"
3,aviary_songs_chan13_chunk003.wav,"[[0.11231111634282342, 2.2742261163427884], [2.8852861163427974, 3.863756116342813], [3.995243116342806, 4.12674011634283], [4.389733116342825, 4.528962116342825], [4.583105116342836, 4.753273116342825], [4.780345116342801, 4.892499116342833], [5.368201116342789, 6.520707116342805]]","[[23, 0, 486, 129], [617, 0, 827, 129], [855, 0, 883, 129], [940, 0, 969, 129], [981, 0, 1017, 129], [1023, 0, 1047, 129], [1149, 0, 1396, 129]]","['c', 'c', 'c', 'c', 'n', 'c', 'c']"
4,aviary_songs_chan13_chunk004.wav,"[[0.08133011606656737, 0.994052116066598], [1.067534116066554, 2.026666116066565], [2.0962741160665814, 3.0128711160665493], [3.016728116066588, 4.594664116066554], [3.9449311160665843, 4.200184116066566], [4.795775116066579, 5.2173171160665675]]","[[16, 0, 212, 129], [228, 0, 433, 129], [448, 0, 645, 129], [645, 0, 983, 129], [844, 0, 899, 129], [1027, 0, 1117, 129]]","['c', 'c', 'c', 'c', 'n', 'c']"
5,aviary_songs_chan13_chunk005.wav,"[[0.09217914641101288, 0.19273314641100114], [0.42091014641101765, 0.5369421464109791], [0.6761711464109794, 0.8656721464109864], [0.9198221464109793, 1.0667831464110122], [1.0899811464109916, 1.202135146411024], [1.0899811464109916, 2.0529971464110304], [2.0916591464110184, 2.783926146410977], [2.315973146411011, 2.528684146411024], [3.3253831464110135, 3.5535631464110224], [3.665718146410995, 3.8242891464109903], [3.8242891464109903, 4.017668146410983], [4.083405146410996, 4.245831146410978], [4.26517314641103, 4.474017146411029], [5.881779146411019, 7.633743146411008]]","[[19, 0, 40, 129], [89, 0, 114, 129], [144, 0, 184, 129], [196, 0, 228, 129], [232, 0, 257, 129], [232, 0, 439, 129], [447, 0, 595, 129], [495, 0, 541, 129], [712, 0, 760, 129], [784, 0, 818, 129], [818, 0, 860, 129], [874, 0, 909, 129], [913, 0, 958, 129], [1259, 0, 1635, 129]]","['c', 'c', 'c', 'c', 'c', 'c', 'c', 'n', 'c', 'c', 'c', 'c', 'c', 'c']"
6,aviary_songs_chan13_chunk006.wav,"[[0.5150833813975169, 1.1184163813975374], [1.1222853813975462, 2.3714783813975373], [2.9206613813975077, 3.094697381397509], [3.168167381397552, 3.315151381397527], [3.3034243813975195, 4.409634381397552], [5.569875381397537, 5.728441381397544]]","[[109, 0, 239, 129], [239, 0, 507, 129], [625, 0, 662, 129], [678, 0, 709, 129], [707, 0, 944, 129], [1192, 0, 1226, 129]]","['c', 'c', 'c', 'c', 'c', 'c']"
7,aviary_songs_chan13_chunk007.wav,"[[0.05929360486686619, 0.22171960486684839], [0.8714476048668303, 1.316209604866856], [1.6488206048668417, 2.1206516048668504], [2.1322536048668326, 2.747181604866853], [2.9405546048668607, 3.9383616048668277], [4.445000604866834, 6.158288604866868]]","[[12, 0, 46, 129], [186, 0, 281, 129], [352, 0, 453, 129], [456, 0, 588, 129], [629, 0, 843, 129], [951, 0, 1319, 129]]","['c', 'n', 'c', 'c', 'c', 'c']"
8,aviary_songs_chan13_chunk008.wav,"[[0.047048808230613304, 0.31004280823060526], [0.5111538082306311, 0.7586588082306207], [2.2244318082306336, 2.363660808230634], [2.479679808230628, 2.6343738082306345], [2.68852280823063, 2.7929448082306294], [2.866436808230617, 3.009520808230604], [3.086867808230636, 3.222241808230592], [3.5471068082305806, 4.5062388082305915], [4.610660808230591, 5.41896180823062]]","[[9, 0, 65, 129], [108, 0, 161, 129], [476, 0, 505, 129], [530, 0, 563, 129], [575, 0, 597, 129], [613, 0, 644, 129], [660, 0, 689, 129], [759, 0, 965, 129], [987, 0, 1160, 129]]","['n', 'n', 'c', 'c', 'c', 'c', 'c', 'c', 'c']"
9,aviary_songs_chan13_chunk009.wav,"[[0.07752381485630622, 0.3869348148562608], [1.4079318148562834, 1.663192814856302], [2.734476814856293, 4.084223814856273], [4.192512814856286, 4.451627814856295], [4.559922814856293, 5.1593798148562655]]","[[16, 0, 82, 129], [301, 0, 355, 129], [585, 0, 874, 129], [897, 0, 953, 129], [976, 0, 1105, 129]]","['n', 'n', 'c', 'c', 'c']"
10,aviary_songs_chan13_chunk010.wav,"[[0.006238170747224103, 0.7836001707472064], [0.7990691707472024, 1.0427191707472048], [1.2012911707471972, 1.332787170747224], [1.433332170747235, 1.6189781707471982], [1.7465991707472313, 2.3653941707472086], [5.482583170747205, 6.4765061707472]]","[[0, 0, 167, 129], [170, 0, 222, 129], [256, 0, 285, 129], [306, 0, 346, 129], [373, 0, 506, 129], [1174, 0, 1387, 129]]","['c', 'n', 'n', 'n', 'c', 'c']"
11,aviary_songs_chan13_chunk011.wav,"[[0.015040823499134603, 0.3089688234991286], [0.4791378234991157, 2.269775823499117], [3.3372058234991187, 3.5267068234991257], [4.04493782349914, 4.369812823499103], [4.493577823499095, 4.609586823499114], [6.013486823499136, 7.676502823499106]]","[[2, 0, 65, 129], [102, 0, 485, 129], [714, 0, 755, 129], [866, 0, 935, 129], [962, 0, 987, 129], [1288, 0, 1644, 129]]","['c', 'c', 'c', 'n', 'c', 'c']"
12,aviary_songs_chan13_chunk012.wav,"[[0.2144887781382181, 0.4991367781382223], [2.093150778138238, 3.0799077781382493], [4.898388778138269, 5.014397778138232]]","[[45, 0, 106, 129], [447, 0, 659, 129], [1049, 0, 1073, 129]]","['n', 'c', 'c']"
13,aviary_songs_chan13_chunk013.wav,"[[0.07912015408635398, 0.1990071540863596], [0.1757871540863789, 1.5951521540863496], [4.101274154086354, 4.201841154086367], [4.917306154086361, 5.555446154086383]]","[[16, 0, 42, 129], [37, 0, 341, 129], [878, 0, 899, 129], [1053, 0, 1189, 129]]","['c', 'c', 'n', 'c']"
14,aviary_songs_chan13_chunk014.wav,"[[0.07835891653348881, 1.0529629165334882], [1.5828039165334642, 2.572879916533452], [2.619288916533435, 2.835864916533467], [3.9458419165334817, 4.251352916533449], [4.351918916533464, 4.607157916533481], [4.8701509165334755, 5.020989916533438]]","[[16, 0, 225, 129], [338, 0, 550, 129], [560, 0, 607, 129], [844, 0, 910, 129], [931, 0, 986, 129], [1043, 0, 1075, 129]]","['c', 'c', 'n', 'c', 'n', 'c']"
15,aviary_songs_chan13_chunk015.wav,"[[0.32249610584455013, 1.1385271058445596], [1.4015211058445518, 2.070591105844585], [2.086056105844591, 2.209820105844585], [2.53081810584456, 3.9385731058445685], [5.110432105844552, 5.466237105844583]]","[[68, 0, 243, 129], [299, 0, 443, 129], [446, 0, 472, 129], [541, 0, 843, 129], [1094, 0, 1170, 129]]","['c', 'n', 'c', 'c', 'n']"
16,aviary_songs_chan13_chunk016.wav,"[[0.47913423825792734, 0.6957102382579592], [1.3686352382579232, 2.7493382382579625], [3.0626032382579638, 3.720063238257922], [5.058204238257929, 5.193578238257942]]","[[102, 0, 148, 129], [292, 0, 588, 129], [655, 0, 796, 129], [1083, 0, 1112, 129]]","['c', 'c', 'c', 'c']"
17,aviary_songs_chan13_chunk017.wav,"[[0.0006748217206222762, 0.48024382172059177], [1.0062078217206363, 1.5592688217205932], [2.0891098217206263, 2.2476818217206187], [2.6344158217206086, 3.9609698217205964], [4.2084748217206425, 5.156003821720617]]","[[0, 0, 102, 129], [215, 0, 333, 129], [447, 0, 481, 129], [563, 0, 848, 129], [901, 0, 1104, 129]]","['c', 'c', 'c', 'c', 'c']"
18,aviary_songs_chan13_chunk018.wav,"[[0.5271422965612942, 1.4011792965613379], [3.145419296561329, 4.444898296561348], [4.9824712965613, 5.682471296561346]]","[[112, 0, 299, 129], [673, 0, 951, 129], [1067, 0, 1217, 129]]","['c', 'n', 'c']"
19,aviary_songs_chan13_chunk019.wav,"[[0.006773769105620886, 0.8111957691056659], [1.0703107691056744, 1.7123067691056233], [3.510696769105664, 4.748270769105659], [7.003009769105631, 7.621807769105658]]","[[0, 0, 173, 129], [228, 0, 366, 129], [751, 0, 1016, 129], [1500, 0, 1632, 129]]","['c', 'c', 'c', 'n']"
20,aviary_songs_chan13_chunk020.wav,"[[0.6460966477449688, 1.4311986477449636], [1.4311986477449636, 2.158273647744977], [3.5699056477449744, 3.898635647744982], [4.5367766477450004, 5.5577746477449645]]","[[137, 0, 306, 129], [306, 0, 461, 129], [764, 0, 834, 129], [971, 0, 1190, 129]]","['c', 'c', 'n', 'c']"
21,aviary_songs_chan13_chunk021.wav,"[[0.026030627296506736, 0.3856906272964693], [0.9851466272965013, 1.5768696272965033], [2.4277086272965107, 2.942084627296481], [3.499000627296482, 4.021109627296482], [4.179681627296475, 4.848751627296508], [5.018932627296522, 5.59904362729651], [5.552629627296483, 5.823354627296511]]","[[5, 0, 82, 129], [210, 0, 337, 129], [519, 0, 629, 129], [749, 0, 861, 129], [895, 0, 1038, 129], [1074, 0, 1199, 129], [1189, 0, 1247, 129]]","['c', 'n', 'n', 'n', 'n', 'n', 'c']"
22,aviary_songs_chan13_chunk022.wav,"[[0.35153763651021563, 0.8929666365102094], [3.333351636510202, 3.9096106365101946], [4.435573636510185, 4.7372296365102216]]","[[74, 0, 190, 129], [713, 0, 837, 129], [949, 0, 1014, 129]]","['n', 'n', 'n']"
23,aviary_songs_chan13_chunk023.wav,"[[1.6011340000000018, 2.0845810000000142], [2.881270000000029, 4.099524000000031], [4.223288000000025, 4.494013999999993], [4.938768000000039, 6.253695999999992]]","[[342, 0, 446, 129], [616, 0, 877, 129], [904, 0, 962, 129], [1057, 0, 1339, 129]]","['n', 'c', 'n', 'c']"
24,aviary_songs_chan13_chunk024.wav,"[[0.045069204962317144, 0.9732552049622996], [1.4141622049623377, 1.9091962049623135], [2.400352204962303, 2.605341204962315], [2.6246832049623094, 3.1893322049623407], [3.730760204962337, 3.8545242049623316], [3.8545242049623316, 3.9821662049623114], [4.372778204962344, 4.5506692049623325], [6.058991204962297, 6.983323204962346]]","[[9, 0, 207, 129], [302, 0, 408, 129], [513, 0, 557, 129], [561, 0, 682, 129], [798, 0, 825, 129], [825, 0, 852, 129], [936, 0, 974, 129], [1297, 0, 1495, 129]]","['c', 'c', 'n', 'c', 'c', 'c', 'c', 'c']"
25,aviary_songs_chan13_chunk025.wav,"[[0.17674910986715986, 0.3121011098671147], [0.4087901098671409, 0.5325541098671351], [0.5325541098671351, 0.7027131098671475], [1.8397431098671289, 3.0464091098671138], [5.347543109867104, 6.387883109867118]]","[[37, 0, 66, 129], [87, 0, 113, 129], [113, 0, 150, 129], [393, 0, 652, 129], [1145, 0, 1368, 129]]","['c', 'c', 'c', 'c', 'c']"
26,aviary_songs_chan13_chunk026.wav,"[[0.015969563085775462, 0.6347685630857995], [0.897761563085794, 1.033135563085807], [1.1066045630857957, 1.2149045630857813], [1.2690315630857754, 1.3850625630857964], [1.3231805630857707, 2.4679655630857837], [3.980142563085792, 4.769099563085774]]","[[2, 0, 135, 129], [191, 0, 220, 129], [236, 0, 259, 129], [271, 0, 296, 129], [282, 0, 528, 129], [852, 0, 1021, 129]]","['n', 'c', 'c', 'c', 'c', 'c']"
27,aviary_songs_chan13_chunk027.wav,"[[0.7928339999999707, 1.7906350000000086], [3.3840359999999805, 3.8249199999999632], [4.43213099999997, 4.753129000000001], [5.050906999999995, 6.044851999999992]]","[[169, 0, 383, 129], [724, 0, 819, 129], [949, 0, 1017, 129], [1081, 0, 1294, 129]]","['c', 'n', 'n', 'c']"
28,aviary_songs_chan13_chunk028.wav,"[[0.12819778916008318, 0.5342747891600652], [0.7083107891600662, 1.7912137891600535], [1.9768367891600747, 2.216632789160087], [3.3613947891601015, 3.554773789160094], [3.775226789160058, 4.014999789160072], [4.069149789160065, 4.185181789160083]]","[[26, 0, 113, 129], [151, 0, 383, 129], [423, 0, 474, 129], [719, 0, 761, 129], [808, 0, 859, 129], [871, 0, 896, 129]]","['n', 'c', 'n', 'c', 'c', 'c']"
29,aviary_songs_chan13_chunk029.wav,"[[0.9746039999999994, 1.7983680000000393], [2.614399999999989, 2.776849000000027], [3.051428999999984, 4.23873100000003], [4.575216000000012, 4.772448999999995], [5.1824040000000196, 6.54374200000001]]","[[208, 0, 384, 129], [559, 0, 594, 129], [653, 0, 907, 129], [979, 0, 1022, 129], [1109, 0, 1401, 129]]","['c', 'n', 'c', 'n', 'c']"
30,aviary_songs_chan13_chunk030.wav,"[[0.31436956952671835, 1.3353895695266829], [4.645933569526676, 6.285752569526721]]","[[66, 0, 285, 129], [994, 0, 1346, 129]]","['c', 'c']"
31,aviary_songs_chan13_chunk031.wav,"[[0.00015009928364406733, 0.8355220992835939], [0.8509820992836126, 2.0576490992835943], [2.517876099283626, 2.9316850992836407], [2.9703700992836275, 3.62009809928361], [4.289168099283643, 4.397468099283628], [6.876515099283608, 8.218511099283603]]","[[0, 0, 178, 129], [181, 0, 440, 129], [538, 0, 627, 129], [635, 0, 775, 129], [918, 0, 941, 129], [1472, 0, 1760, 129]]","['c', 'c', 'c', 'c', 'c', 'n']"
32,aviary_songs_chan13_chunk032.wav,"[[0.3694749234246615, 0.4622869234246991], [0.6440559234246734, 0.744599923424687], [0.8103599234246985, 0.8760969234246545], [0.899316923424692, 2.457910923424663], [2.713148923424683, 3.803783923424646], [4.774508923424662, 5.621492923424682]]","[[78, 0, 98, 129], [137, 0, 158, 129], [173, 0, 187, 129], [192, 0, 526, 129], [580, 0, 814, 129], [1022, 0, 1204, 129]]","['c', 'c', 'c', 'c', 'c', 'c']"
33,aviary_songs_chan13_chunk033.wav,"[[0.4929495820620673, 0.9067825820620783], [1.1504325820620807, 1.332201582062055], [1.896850582062086, 2.7244915820620577], [2.747689582062094, 4.484174582062053], [5.335013582062061, 5.454922582062068]]","[[105, 0, 193, 129], [245, 0, 284, 129], [405, 0, 583, 129], [588, 0, 960, 129], [1142, 0, 1167, 129]]","['n', 'n', 'c', 'c', 'c']"
34,aviary_songs_chan13_chunk034.wav,"[[0.019093993220565153, 0.7500459932205672], [1.12907099322058, 1.7594569932205675], [4.0296609932206024, 5.418095993220561]]","[[3, 0, 160, 129], [241, 0, 376, 129], [862, 0, 1160, 129]]","['c', 'c', 'c']"
35,aviary_songs_chan13_chunk035.wav,"[[0.12736069588686405, 0.401941695886876], [1.2179726958869423, 1.3340046958869607], [1.5621906958868976, 2.1964536958869303], [2.2351156958868614, 3.259990695886927], [3.7550476958869017, 3.8749346958869633], [4.048970695886965, 4.157247695886895], [4.211396695886947, 4.308086695886914], [5.2517596958869035, 5.990444695886935]]","[[26, 0, 85, 129], [260, 0, 285, 129], [334, 0, 470, 129], [478, 0, 697, 129], [804, 0, 829, 129], [867, 0, 890, 129], [901, 0, 922, 129], [1124, 0, 1283, 129]]","['c', 'c', 'c', 'c', 'c', 'c', 'c', 'c']"
36,aviary_songs_chan13_chunk036.wav,"[[0.011217682804613105, 1.1753446828046208], [3.0935986828045547, 3.59636468280462], [3.6195846828045433, 4.079811682804575], [4.079811682804575, 4.536160682804621], [4.841693682804589, 5.580378682804621]]","[[1, 0, 251, 129], [662, 0, 770, 129], [775, 0, 873, 129], [873, 0, 971, 129], [1036, 0, 1195, 129]]","['c', 'c', 'c', 'c', 'c']"
37,aviary_songs_chan13_chunk037.wav,"[[0.00046741323524202016, 0.5999224132352765], [2.4756594132352348, 3.6513744132353168], [3.6861814132353175, 4.8580184132353], [5.964117413235272, 6.118811413235221]]","[[0, 0, 127, 129], [529, 0, 781, 129], [789, 0, 1040, 129], [1277, 0, 1310, 129]]","['c', 'c', 'c', 'c']"
38,aviary_songs_chan13_chunk038.wav,"[[0.25892319236311323, 1.3611461923632078], [2.0456811923631903, 2.1849101923631906], [2.200397192363198, 3.0357711923631996], [4.0451821923632, 4.416452192363181], [5.2750231923631645, 5.499332192363113]]","[[54, 0, 291, 129], [437, 0, 467, 129], [470, 0, 649, 129], [866, 0, 945, 129], [1129, 0, 1177, 129]]","['c', 'c', 'c', 'c', 'n']"
39,aviary_songs_chan13_chunk039.wav,"[[0.027455964242221853, 0.17056296424220818], [0.2788389642422544, 1.7562089642422052], [2.115890964242226, 2.3982269642422125], [3.469518964242184, 3.759564964242259], [4.382240964242214, 4.517591964242229], [4.5872069642422275, 5.5618099642422285]]","[[5, 0, 35, 129], [59, 0, 375, 129], [452, 0, 513, 129], [742, 0, 805, 129], [938, 0, 967, 129], [982, 0, 1191, 129]]","['c', 'c', 'c', 'c', 'c', 'c']"
40,aviary_songs_chan13_chunk040.wav,"[[0.03403903946389164, 0.8500710394638418], [1.4998220394638793, 1.615831039463842], [1.8633590394638304, 2.010321039463861], [2.0799350394638623, 2.2617040394638934], [2.30038903946388, 3.3368510394637947], [3.3755360394638956, 4.323064039463816], [3.3755360394638956, 4.323064039463816], [4.5357850394638035, 4.709822039463802], [4.7832910394638475, 5.007599039463798]]","[[6, 0, 181, 129], [320, 0, 345, 129], [398, 0, 430, 129], [445, 0, 484, 129], [492, 0, 714, 129], [722, 0, 925, 129], [722, 0, 925, 129], [971, 0, 1008, 129], [1024, 0, 1072, 129]]","['c', 'c', 'c', 'c', 'c', 'c', 'c', 'c', 'c']"
41,aviary_songs_chan13_chunk041.wav,"[[0.062442992413593856, 1.0563879924136472], [1.0873179924136593, 2.274641992413649], [4.243190992413588, 4.35534499241362], [4.444301992413671, 4.537113992413651], [4.610582992413697, 6.115027992413616]]","[[12, 0, 225, 129], [232, 0, 486, 129], [908, 0, 932, 129], [951, 0, 971, 129], [987, 0, 1309, 129]]","['c', 'c', 'c', 'c', 'c']"
42,aviary_songs_chan13_chunk042.wav,"[[0.12692044061520846, 1.0551064406151909], [1.0821804406151614, 1.7667384406151996], [1.96397244061518, 2.130276440615262], [2.4241994406152116, 2.5905024406151824], [2.7219994406152637, 2.896035440615264], [3.383337440615264, 3.634720440615183], [3.851296440615215, 4.876171440615167], [5.293858440615168, 5.55297444061523]]","[[26, 0, 225, 129], [231, 0, 378, 129], [420, 0, 455, 129], [518, 0, 554, 129], [582, 0, 620, 129], [724, 0, 778, 129], [824, 0, 1044, 129], [1133, 0, 1189, 129]]","['c', 'c', 'n', 'c', 'c', 'n', 'c', 'n']"
43,aviary_songs_chan13_chunk043.wav,"[[1.992498544101636, 2.5029975441017314], [2.5571475441016673, 2.765990544101669], [4.8002765441017345, 5.1522265441017225]]","[[426, 0, 535, 129], [547, 0, 592, 129], [1028, 0, 1103, 129]]","['c', 'n', 'n']"
44,aviary_songs_chan13_chunk044.wav,"[[0.04560455361433924, 0.4903665536144217], [0.7765575536143388, 0.9196415536143832], [0.9003215536143898, 1.720208553614384], [2.4550375536143747, 2.6716135536144066], [3.1395735536143548, 3.4064215536143365], [3.9207975536144204, 5.053972553614358]]","[[9, 0, 104, 129], [165, 0, 196, 129], [192, 0, 368, 129], [525, 0, 571, 129], [672, 0, 729, 129], [839, 0, 1082, 129]]","['n', 'c', 'c', 'c', 'c', 'c']"
45,aviary_songs_chan13_chunk045.wav,"[[0.07402288951107039, 1.0718458895111098], [1.12985088951109, 2.4641358895111125], [2.7619138895111064, 3.833206889511075], [4.363047889511108, 4.513886889511127], [4.513886889511127, 4.641505889511109], [4.773002889511076, 4.997310889511027], [5.19842188951111, 5.4652928895110335]]","[[15, 0, 229, 129], [241, 0, 527, 129], [591, 0, 820, 129], [934, 0, 966, 129], [966, 0, 994, 129], [1022, 0, 1070, 129], [1113, 0, 1170, 129]]","['c', 'c', 'c', 'c', 'c', 'c', 'n']"
46,aviary_songs_chan13_chunk046.wav,"[[0.0005480931182546556, 0.14750909311828764], [0.1861940931182744, 0.5613190931181862], [0.7508420931181945, 1.0486200931181884], [1.071840093118226, 2.243677093118208], [2.502793093118271, 3.798393093118193], [3.879618093118211, 4.633768093118192], [5.623836093118257, 5.813359093118265]]","[[0, 0, 31, 129], [39, 0, 119, 129], [160, 0, 224, 129], [229, 0, 480, 129], [535, 0, 813, 129], [830, 0, 992, 129], [1204, 0, 1245, 129]]","['c', 'n', 'n', 'c', 'c', 'c', 'c']"
47,aviary_songs_chan13_chunk047.wav,"[[0.05438982005534854, 0.26708782005539433], [0.6151608200553937, 0.9671108200553817], [1.1527338200554595, 2.595318820055354], [2.7886748200553484, 3.5892418200553493], [3.7362038200553798, 4.3047298200554], [4.792030820055402, 4.935137820055388], [5.15556882005535, 5.333482820055451]]","[[11, 0, 56, 129], [131, 0, 206, 129], [246, 0, 555, 129], [597, 0, 768, 129], [800, 0, 921, 129], [1026, 0, 1056, 129], [1104, 0, 1142, 129]]","['c', 'c', 'c', 'c', 'c', 'c', 'c']"
48,aviary_songs_chan13_chunk048.wav,"[[0.005675232997873536, 0.1371722329978411], [1.6068092329978754, 2.2449492329978966], [2.3919112329978134, 2.898555232997865], [2.9256072329978906, 3.9388952329978797], [4.271503232997816, 5.4433392329978005]]","[[0, 0, 28, 129], [343, 0, 480, 129], [511, 0, 620, 129], [626, 0, 843, 129], [914, 0, 1165, 129]]","['c', 'c', 'c', 'c', 'c']"
49,aviary_songs_chan13_chunk049.wav,"[[0.5002460008079197, 2.3295660008078585], [2.4533080008078514, 3.516868000807904], [6.568296000807891, 7.163897000807879]]","[[106, 0, 498, 129], [525, 0, 753, 129], [1406, 0, 1534, 129]]","['c', 'c', 'c']"
50,aviary_songs_chan13_chunk050.wav,"[[0.11459929113323142, 0.7179332911331358], [1.0002682911332386, 2.0715382911331517], [2.342264291133233, 2.4931032911331386], [2.551107291133235, 2.7096792911331704], [2.783171291133158, 2.9417192911331536], [3.0616292911331584, 3.274327291133204], [3.309134291133205, 3.9550042911331498], [4.268273291133141, 5.092039291133233]]","[[23, 0, 153, 129], [213, 0, 443, 129], [501, 0, 533, 129], [546, 0, 580, 129], [595, 0, 629, 129], [655, 0, 701, 129], [708, 0, 846, 129], [914, 0, 1090, 129]]","['c', 'c', 'c', 'c', 'c', 'n', 'c', 'c']"
51,aviary_songs_chan13_chunk051.wav,"[[0.011981667436657517, 0.28717866743659215], [0.28717866743659215, 0.4754706674366389], [1.975126667436598, 3.4051266674366616], [3.614885667436738, 4.237699667436573], [4.697527667436589, 6.191209667436623]]","[[1, 0, 60, 129], [60, 0, 101, 129], [422, 0, 729, 129], [774, 0, 907, 129], [1006, 0, 1326, 129]]","['c', 'c', 'c', 'c', 'c']"
52,aviary_songs_chan13_chunk052.wav,"[[0.439824056850739, 1.1518000568507887], [1.82224405685065, 2.1485660568507683], [4.782680056850722, 6.502119056850689]]","[[93, 0, 246, 129], [389, 0, 459, 129], [1024, 0, 1392, 129]]","['c', 'c', 'c']"
53,aviary_songs_chan13_chunk053.wav,"[[0.0756744544198682, 0.7274554544198963], [4.207245454419763, 4.51199745441977], [4.510361454419808, 5.19200045441994]]","[[15, 0, 155, 129], [900, 0, 966, 129], [965, 0, 1112, 129]]","['c', 'c', 'c']"
54,aviary_songs_chan13_chunk054.wav,"[[0.03690650502198878, 1.4054505050219177], [1.4416645050218904, 1.6118525050219432], [1.7747975050219793, 2.002921505021959], [2.068099505022019, 2.34329550502207], [2.395146505022012, 3.5173225050220935], [3.546987505021889, 3.9741735050220086], [6.18723250502194, 6.70341450502201]]","[[7, 0, 300, 129], [308, 0, 344, 129], [379, 0, 428, 129], [442, 0, 501, 129], [512, 0, 753, 129], [759, 0, 851, 129], [1325, 0, 1435, 129]]","['c', 'c', 'c', 'c', 'c', 'c', 'c']"
55,aviary_songs_chan13_chunk055.wav,"[[1.1409454849829217, 2.911411484982864], [3.035123484982705, 3.828654484982735], [4.24990648498283, 4.516897484982792], [4.516897484982792, 5.0983444849828174]]","[[243, 0, 623, 129], [649, 0, 819, 129], [910, 0, 967, 129], [967, 0, 1091, 129]]","['c', 'c', 'c', 'c']"
56,aviary_songs_chan13_chunk056.wav,"[[1.5118163602548975, 1.8381393602548997], [2.947634360254824, 3.232425360254865], [4.805993360254888, 5.670942360254911]]","[[323, 0, 393, 129], [631, 0, 692, 129], [1029, 0, 1214, 129]]","['c', 'c', 'c']"
57,aviary_songs_chan13_chunk057.wav,"[[0.42499723228820585, 1.2971672322883023], [1.2695622322883082, 2.5089072322882657], [2.5638902322882586, 3.901813232288305], [4.002676232288195, 4.364597232288361], [4.364597232288361, 4.590056232288362], [4.82382123228831, 5.481115232288175], [5.474093232288168, 5.913145232288344]]","[[90, 0, 277, 129], [271, 0, 537, 129], [548, 0, 835, 129], [857, 0, 934, 129], [934, 0, 983, 129], [1033, 0, 1173, 129], [1172, 0, 1266, 129]]","['c', 'c', 'c', 'c', 'c', 'c', 'c']"
58,aviary_songs_chan13_chunk058.wav,"[[1.0641860000000634, 2.0100380000001223], [2.081372999999985, 3.1669990000000325], [3.7603120000001127, 4.276494000000184], [4.567218000000139, 5.065601000000015]]","[[227, 0, 430, 129], [445, 0, 678, 129], [805, 0, 915, 129], [978, 0, 1084, 129]]","['c', 'c', 'c', 'c']"
59,aviary_songs_chan13_chunk059.wav,"[[0.004862314531237644, 0.8357913145312068], [1.0151763145313453, 2.1293793145312065], [2.361791314531274, 3.378791314531327], [3.413813314531353, 4.960212314531191], [4.960212314531191, 6.229173314531181]]","[[0, 0, 178, 129], [216, 0, 455, 129], [505, 0, 723, 129], [730, 0, 1062, 129], [1062, 0, 1334, 129]]","['c', 'c', 'c', 'c', 'c']"
60,aviary_songs_chan13_chunk060.wav,"[[0.23879007441541944, 1.462164074415341], [1.5995620744154166, 2.6575620744154094], [3.936403074415466, 4.755505074415396], [4.980965074415508, 5.645475074415345]]","[[50, 0, 312, 129], [342, 0, 568, 129], [842, 0, 1018, 129], [1066, 0, 1209, 129]]","['c', 'c', 'c', 'c']"
61,aviary_songs_chan13_chunk061.wav,"[[0.2524845985842603, 0.44827859858423835], [0.44827859858423835, 0.7390015985843092], [0.8610325985841882, 2.6617285985842045], [3.4177465985842446, 4.678601598584237], [4.823939598584275, 5.132299598584268], [5.091726598584273, 5.4082015985843555]]","[[53, 0, 95, 129], [95, 0, 157, 129], [183, 0, 569, 129], [731, 0, 1001, 129], [1033, 0, 1099, 129], [1090, 0, 1158, 129]]","['c', 'c', 'c', 'c', 'c', 'c']"
62,aviary_songs_chan13_chunk062.wav,"[[0.025636295080403215, 0.7207152950804812], [0.8778742950805736, 2.2514632950803843], [3.4321562950804037, 5.235829295080521]]","[[4, 0, 153, 129], [187, 0, 481, 129], [734, 0, 1121, 129]]","['c', 'c', 'n']"
63,aviary_songs_chan13_chunk063.wav,"[[0.9709234785836998, 1.3447104785836927], [1.4441144785837423, 2.516285478583768], [3.2433134785837865, 3.516237478583662], [3.4687724785837872, 3.7594954785836308], [4.667498478583639, 5.960687478583623]]","[[207, 0, 287, 129], [308, 0, 538, 129], [694, 0, 752, 129], [742, 0, 805, 129], [999, 0, 1276, 129]]","['n', 'c', 'c', 'c', 'c']"
64,aviary_songs_chan13_chunk064.wav,"[[0.7013797283243548, 1.5811087283243523], [1.591417728324359, 2.41811172832422], [3.59486472832441, 4.711708728324311], [5.718586728324226, 7.113781728324284]]","[[149, 0, 338, 129], [340, 0, 517, 129], [769, 0, 1009, 129], [1224, 0, 1523, 129]]","['c', 'c', 'c', 'c']"
65,aviary_songs_chan13_chunk065.wav,"[[0.6097181003112837, 1.960240100311239], [2.0598971003112183, 2.8052311003111754], [4.0277681003112775, 4.407489100311295], [4.757231100311174, 4.867231100311301], [5.248916100311135, 6.262666100311207]]","[[130, 0, 419, 129], [440, 0, 600, 129], [862, 0, 943, 129], [1018, 0, 1042, 129], [1124, 0, 1341, 129]]","['c', 'c', 'c', 'c', 'c']"
66,aviary_songs_chan13_chunk066.wav,"[[0.06898326323562287, 0.8318742632357043], [0.8353102632356695, 1.5978912632356241], [2.6153882632356726, 3.5260452632355737], [3.6727482632356896, 5.209902263235563]]","[[14, 0, 177, 129], [178, 0, 341, 129], [559, 0, 755, 129], [786, 0, 1115, 129]]","['c', 'c', 'c', 'c']"
67,aviary_songs_chan13_chunk067.wav,"[[0.0689489032192796, 0.1959489032192323], [0.7769489032193633, 2.291948903219236], [2.549948903219274, 3.054948903219156], [3.054948903219156, 3.597948903219276], [3.5927399032193534, 4.6432399032191825], [5.639807903219207, 5.787574903219366]]","[[14, 0, 41, 129], [165, 0, 490, 129], [545, 0, 654, 129], [654, 0, 770, 129], [769, 0, 994, 129], [1207, 0, 1239, 129]]","['n', 'c', 'c', 'n', 'c', 'c']"
68,aviary_songs_chan13_chunk068.wav,"[[0.014689321071955419, 0.13496432107194778], [0.3478253210721505, 0.5158253210720432], [0.7329053210721668, 2.444254321072094], [2.818826321072038, 3.8531953210720076], [4.106825321072165, 4.986825321072047], [4.983785321071991, 5.783825321072072]]","[[2, 0, 28, 129], [73, 0, 109, 129], [156, 0, 523, 129], [603, 0, 825, 129], [879, 0, 1068, 129], [1067, 0, 1238, 129]]","['c', 'n', 'c', 'c', 'c', 'c']"
69,aviary_songs_chan13_chunk069.wav,"[[0.041625505102956595, 0.3886255051029366], [0.8462815051029793, 2.045600505103039], [2.3646255051030494, 3.0586255051030093], [3.4579785051030285, 4.712280505103081], [5.78762550510305, 7.089625505102958]]","[[8, 0, 82, 129], [180, 0, 437, 129], [506, 0, 654, 129], [740, 0, 1009, 129], [1239, 0, 1518, 129]]","['n', 'c', 'c', 'c', 'c']"
70,aviary_songs_chan13_chunk070.wav,"[[0.5044117386034941, 1.9847247386035178], [2.0197247386033723, 2.5687247386033505], [2.7827247386035197, 2.9097247386034724], [3.8603157386035036, 4.002710738603355], [4.064566738603389, 4.205460738603506], [4.743343738603471, 17.523310738603413], [5.635021738603427, 6.439148738603534], [7.447410738603367, 8.129878738603338], [8.174552738603325, 8.992426738603399], [10.924926738603515, 11.583504738603324], [12.485784738603344, 13.232996738603333], [16.686622738603546, 17.360164738603544]]","[[107, 0, 424, 129], [432, 0, 549, 129], [595, 0, 622, 129], [826, 0, 857, 129], [870, 0, 900, 129], [1015, 0, 3754, 129], [1206, 0, 1379, 129], [1595, 0, 1741, 129], [1751, 0, 1926, 129], [2340, 0, 2481, 129], [2674, 0, 2835, 129], [3575, 0, 3719, 129]]","['c', 'c', 'n', 'c', 'c', 'n', 'c', 'c', 'c', 'c', 'c', 'c']"
71,aviary_songs_chan13_chunk071.wav,"[[0.08050002487675556, 0.6560140248768676], [1.403666024876884, 1.8365250248768916], [2.0560510248767514, 3.3257420248767176], [3.4444040248768033, 4.263177024876768], [4.921754024876918, 5.2243440248769275]]","[[16, 0, 140, 129], [300, 0, 392, 129], [440, 0, 712, 129], [737, 0, 912, 129], [1054, 0, 1118, 129]]","['c', 'c', 'c', 'c', 'c']"
72,aviary_songs_chan13_chunk072.wav,"[[0.14239500000007865, 0.3144560000000638], [0.9107030000000123, 1.7621409999999287], [1.8096060000000307, 2.201193000000103], [2.556062000000111, 3.500549000000092], [3.5717460000000756, 4.105727999999999], [4.378652000000102, 4.639709999999923]]","[[29, 0, 66, 129], [194, 0, 377, 129], [387, 0, 471, 129], [547, 0, 749, 129], [764, 0, 879, 129], [937, 0, 993, 129]]","['c', 'n', 'c', 'c', 'c', 'c']"
73,aviary_songs_chan13_chunk073.wav,"[[1.1524560000000292, 2.8657029999999395], [2.8705669999999373, 3.5005479999999807], [4.722774000000072, 5.108426999999892]]","[[246, 0, 613, 129], [614, 0, 749, 129], [1011, 0, 1094, 129]]","['c', 'n', 'c']"
74,aviary_songs_chan13_chunk074.wav,"[[0.020612322596207378, 0.3766003225962322], [0.6388683225964087, 1.89660732259631], [1.9233783225963634, 2.892378322596187], [9.06502732259628, 9.814171322596394]]","[[3, 0, 80, 129], [136, 0, 405, 129], [411, 0, 619, 129], [1941, 0, 2102, 129]]","['c', 'c', 'c', 'c']"
75,aviary_songs_chan13_chunk075.wav,"[[0.021696038850677724, 1.0061140388506828], [2.8533260388508097, 3.842152038850827], [3.9133490388508108, 4.945715038850722], [5.808667038850672, 6.541727038850695]]","[[4, 0, 215, 129], [610, 0, 822, 129], [838, 0, 1059, 129], [1244, 0, 1400, 129]]","['c', 'c', 'n', 'c']"
76,aviary_songs_chan13_chunk076.wav,"[[0.03608059898169813, 0.9961445989818003], [3.0464045989817805, 3.926133598981778], [4.037489598981892, 4.538224598981742], [7.451697598981809, 8.605697598981806]]","[[7, 0, 212, 129], [652, 0, 840, 129], [864, 0, 971, 129], [1596, 0, 1843, 129]]","['c', 'c', 'c', 'c']"
77,aviary_songs_chan13_chunk077.wav,"[[0.33183896939021906, 0.7837149693903029], [0.8585119693902925, 1.8345119693904053], [1.9727239693902447, 2.7552019693903276], [3.168606969390339, 4.196953969390279], [5.024124969390414, 5.484442969390329]]","[[70, 0, 167, 129], [183, 0, 392, 129], [422, 0, 589, 129], [678, 0, 898, 129], [1076, 0, 1174, 129]]","['n', 'c', 'c', 'c', 'c']"
78,aviary_songs_chan13_chunk078.wav,"[[0.009563100692048465, 1.9415631006920648], [2.1013711006919493, 2.946389100691931], [4.008420100692092, 4.643265100691906], [5.831850100692009, 6.690196100691992]]","[[1, 0, 415, 129], [449, 0, 630, 129], [858, 0, 994, 129], [1249, 0, 1433, 129]]","['n', 'c', 'c', 'c']"
79,aviary_songs_chan13_chunk079.wav,"[[0.6068050147271151, 1.3128220147270895], [1.3128220147270895, 1.8171380147271066], [1.983310014727067, 2.7249080147271343], [2.8426750147270923, 3.5021480147270267], [3.854686014727122, 4.943899014727094], [5.167407014727132, 5.964398014727067]]","[[129, 0, 280, 129], [280, 0, 388, 129], [424, 0, 583, 129], [608, 0, 749, 129], [825, 0, 1058, 129], [1106, 0, 1277, 129]]","['c', 'c', 'c', 'c', 'c', 'c']"
80,aviary_songs_chan13_chunk080.wav,"[[0.008009983271449528, 0.8671209832714339], [1.4298179832712776, 3.488614983271418], [4.022596983271342, 5.031229983271487]]","[[1, 0, 185, 129], [305, 0, 746, 129], [861, 0, 1077, 129]]","['c', 'n', 'c']"
81,aviary_songs_chan13_chunk081.wav,"[[0.49236272251596347, 1.5513057225159628], [1.6815417225159308, 3.0523877225159595], [3.7846447225160773, 5.004388722516069]]","[[104, 0, 331, 129], [359, 0, 653, 129], [810, 0, 1071, 129]]","['c', 'c', 'c']"
82,aviary_songs_chan13_chunk082.wav,"[[0.12513411257077678, 0.985171112570697], [1.7259381125707023, 2.72357911257086], [3.719075112570863, 5.4350211125706664]]","[[26, 0, 210, 129], [369, 0, 583, 129], [796, 0, 1164, 129]]","['c', 'c', 'c']"
83,aviary_songs_chan13_chunk083.wav,"[[1.0416350489338129, 2.2175030489338496], [2.161390048933754, 2.4153900489338866], [2.8693900489338375, 3.3233900489337884], [5.16835504893379, 6.441893048933707]]","[[222, 0, 474, 129], [462, 0, 517, 129], [614, 0, 711, 129], [1106, 0, 1379, 129]]","['c', 'n', 'c', 'c']"
84,aviary_songs_chan13_chunk084.wav,"[[4.390722415404525, 4.6280474154045805], [5.151912415404695, 5.256959415404708]]","[[940, 0, 991, 129], [1103, 0, 1125, 129]]","['c', 'c']"
85,aviary_songs_chan13_chunk085.wav,"[[0.8525097573813127, 1.9488097573814684], [3.897197757381491, 4.577187757381353], [6.276984757381342, 7.2945627573813]]","[[182, 0, 417, 129], [834, 0, 980, 129], [1344, 0, 1562, 129]]","['c', 'c', 'n']"
86,aviary_songs_chan13_chunk086.wav,"[[0.018305151163758637, 1.320409151163858], [3.179335151163741, 4.1823351511638975], [4.05378715116376, 5.654071151163862]]","[[3, 0, 282, 129], [680, 0, 895, 129], [868, 0, 1211, 129]]","['c', 'c', 'n']"
87,aviary_songs_chan13_chunk087.wav,"[[0.24975460146674777, 0.8683746014667122], [1.2650776014668281, 2.199077601466797], [2.2610776014666953, 3.725077601466637], [3.8830776014667663, 4.2410776014667135], [4.683469601466641, 5.148351601466857]]","[[52, 0, 185, 129], [270, 0, 470, 129], [483, 0, 797, 129], [831, 0, 908, 129], [1003, 0, 1102, 129]]","['c', 'c', 'c', 'n', 'n']"
88,aviary_songs_chan13_chunk088.wav,"[[0.9633900745652682, 2.314037074565249], [2.4377490745653176, 3.6961530745654727], [3.7779620745652664, 5.468692074565525]]","[[205, 0, 495, 129], [521, 0, 791, 129], [808, 0, 1171, 129]]","['n', 'c', 'n']"
89,aviary_songs_chan13_chunk089.wav,"[[0.2994310560698068, 1.3192940560697934], [1.6234300560699921, 2.3397930560699933], [3.3028820560698477, 4.5587850560700645], [7.158571056069832, 8.593315056069969]]","[[63, 0, 282, 129], [347, 0, 500, 129], [707, 0, 976, 129], [1533, 0, 1840, 129]]","['c', 'c', 'c', 'c']"
90,aviary_songs_chan13_chunk090.wav,"[[0.08011767424568461, 0.8923346742458307], [1.3551186742456593, 1.841635674245481], [4.505611674245756, 5.104858674245861]]","[[16, 0, 190, 129], [289, 0, 394, 129], [964, 0, 1093, 129]]","['c', 'n', 'c']"
91,aviary_songs_chan13_chunk091.wav,"[[0.09833781246470608, 1.3693378124644369], [2.0134118124647102, 3.7410438124643406], [3.9067998124646692, 4.531425812464477], [4.620773812464449, 5.28921981246458]]","[[20, 0, 292, 129], [430, 0, 801, 129], [836, 0, 970, 129], [989, 0, 1132, 129]]","['c', 'n', 'n', 'c']"
92,aviary_songs_chan13_chunk092.wav,"[[0.031048748089233413, 0.6223747480894417], [0.6892647480894993, 1.885264748089412], [2.722703748089316, 4.271251748089071], [4.325881748089159, 5.707069748089452]]","[[6, 0, 132, 129], [147, 0, 403, 129], [582, 0, 914, 129], [926, 0, 1222, 129]]","['c', 'c', 'c', 'c']"
93,aviary_songs_chan13_chunk093.wav,"[[0.008564839150039916, 0.767678839149994], [1.9310848391501167, 2.690013839149742], [2.8148098391498024, 3.2595938391500567], [3.8947198391497295, 4.511484839149944], [5.986086839149721, 6.991534839150063]]","[[1, 0, 163, 129], [413, 0, 575, 129], [602, 0, 697, 129], [834, 0, 966, 129], [1282, 0, 1497, 129]]","['c', 'c', 'c', 'n', 'c']"
94,aviary_songs_chan13_chunk094.wav,"[[0.02464034524609815, 0.23064034524577437], [0.5200863452459998, 1.8802053452459404], [2.0802313452459202, 2.965968345245983], [3.5830143452458287, 3.7491423452461277], [3.7491423452461277, 3.927136345245799], [3.9805343452458146, 4.294990345245878], [5.124919345245871, 5.991866345245853]]","[[4, 0, 48, 129], [110, 0, 402, 129], [445, 0, 634, 129], [767, 0, 802, 129], [802, 0, 840, 129], [852, 0, 919, 129], [1097, 0, 1283, 129]]","['n', 'c', 'c', 'c', 'c', 'c', 'c']"
95,aviary_songs_chan13_chunk095.wav,"[[0.11481716655271157, 0.8994861665528333], [3.200494166552744, 3.5024941665528786], [3.8464941665529295, 4.238494166552755], [4.58219316655277, 5.456132166552834]]","[[24, 0, 192, 129], [685, 0, 749, 129], [823, 0, 907, 129], [981, 0, 1168, 129]]","['c', 'c', 'n', 'c']"
96,aviary_songs_chan13_chunk096.wav,"[[1.1739320000001499, 1.727983000000222], [1.7608970000001136, 2.2491210000002866], [2.7428310000000238, 3.4888810000002195], [3.510537000000113, 4.410885000000235], [4.564070000000356, 6.911933000000317]]","[[250, 0, 369, 129], [376, 0, 481, 129], [587, 0, 747, 129], [751, 0, 944, 129], [977, 0, 1480, 129]]","['c', 'n', 'n', 'c', 'n']"
97,aviary_songs_chan13_chunk097.wav,"[[0.844789000000219, 1.4519820000000436], [1.742377999999917, 2.3020510000001195], [3.3491330000001653, 4.688582000000224], [4.746661000000131, 7.882943000000068], [5.681210000000192, 6.256722999999965], [7.603106000000025, 10.586268999999902], [7.9539669999999205, 8.664373000000069]]","[[180, 0, 310, 129], [372, 0, 492, 129], [717, 0, 1004, 129], [1016, 0, 1688, 129], [1216, 0, 1340, 129], [1628, 0, 2267, 129], [1703, 0, 1856, 129]]","['n', 'c', 'c', 'n', 'c', 'n', 'c']"
98,aviary_songs_chan13_chunk098.wav,"[[0.2866693359214878, 2.050167335921742], [2.6045613359215167, 2.98999633592166], [3.0269553359216843, 4.415578335921509], [4.632056335921789, 4.975251335921712], [5.450445335921813, 6.342754335921654]]","[[60, 0, 438, 129], [557, 0, 640, 129], [648, 0, 945, 129], [992, 0, 1065, 129], [1167, 0, 1358, 129]]","['n', 'c', 'c', 'n', 'n']"
99,aviary_songs_chan13_chunk099.wav,"[[2.421760737081513, 3.3932687370815984], [3.45134773708196, 4.238058737081701], [4.480935737081836, 5.0670077370818944]]","[[518, 0, 726, 129], [739, 0, 907, 129], [959, 0, 1085, 129]]","['c', 'c', 'c']"
100,aviary_songs_chan13_chunk100.wav,"[[0.06947195506108983, 0.5816259550610994], [0.644984955061318, 1.2099379550609228], [1.6587329550611685, 2.5088019550612444], [2.7411189550612107, 3.079034955061161], [3.321911955061296, 4.0452629550609345], [3.9766239550613136, 4.589096955060995], [5.080130955061122, 5.961879955061249]]","[[14, 0, 124, 129], [137, 0, 258, 129], [354, 0, 537, 129], [586, 0, 659, 129], [711, 0, 866, 129], [851, 0, 982, 129], [1088, 0, 1276, 129]]","['c', 'n', 'c', 'n', 'n', 'n', 'c']"
101,aviary_songs_chan13_chunk101.wav,"[[0.23187077003694867, 0.8654627700370838], [1.8000117700371447, 2.644800770036909], [3.3681517700370023, 4.0492637700367595], [3.880305770037012, 4.82013477003693], [4.772614770036853, 5.897240770037115]]","[[49, 0, 184, 129], [385, 0, 566, 129], [721, 0, 867, 129], [830, 0, 1032, 129], [1022, 0, 1263, 129]]","['c', 'c', 'c', 'c', 'c']"
102,aviary_songs_chan13_chunk102.wav,"[[0.021968934393953532, 1.326112934394132], [2.767534934394007, 3.459205934394049], [3.5567859343941564, 4.736950934393917], [4.853108934394186, 5.301903934393977]]","[[4, 0, 283, 129], [592, 0, 740, 129], [761, 0, 1014, 129], [1039, 0, 1135, 129]]","['n', 'n', 'c', 'c']"
103,aviary_songs_chan13_chunk103.wav,"[[0.08632482450730095, 0.5509588245072337], [0.6512778245073605, 1.1317518245073188], [1.0578328245073862, 1.6122258245072771], [1.7600638245071423, 2.5362148245071694], [2.6418128245072694, 3.396843824507414], [3.454922824507321, 3.8297988245071792], [4.268032824507372, 4.516189824507364], [5.128662824507501, 6.306087824507358]]","[[17, 0, 117, 129], [138, 0, 241, 129], [226, 0, 344, 129], [376, 0, 542, 129], [565, 0, 727, 129], [739, 0, 820, 129], [914, 0, 967, 129], [1098, 0, 1350, 129]]","['n', 'n', 'c', 'c', 'c', 'n', 'c', 'c']"
104,aviary_songs_chan13_chunk104.wav,"[[0.07662185984145253, 1.2223678598415972], [1.1959678598418577, 1.5761228598416892], [1.734520859841723, 2.135795859841437], [2.5845908598416827, 3.012265859841591], [3.065064859841641, 3.915133859841717]]","[[15, 0, 261, 129], [255, 0, 337, 129], [371, 0, 457, 129], [553, 0, 644, 129], [656, 0, 838, 129]]","['c', 'n', 'n', 'n', 'c']"
105,aviary_songs_chan13_chunk105.wav,"[[0.8923090000002958, 1.668460000000323], [2.317892000000029, 2.9673240000001897], [2.8828450000000885, 3.447798000000148], [3.500597000000198, 4.054990000000089], [5.66537100000005, 6.277843000000303]]","[[190, 0, 356, 129], [496, 0, 635, 129], [617, 0, 738, 129], [749, 0, 868, 129], [1213, 0, 1344, 129]]","['n', 'c', 'c', 'c', 'c']"
106,aviary_songs_chan13_chunk106.wav,"[[0.16273749225456413, 0.8068894922544132], [0.8649684922547749, 1.4193614922546658], [1.6780784922543717, 2.6707064922547943], [3.293738492254761, 3.8006124922544586], [3.821732492254796, 4.201887492254627], [4.333886492254351, 4.935798492254435], [5.733068492254461, 6.023465492254672]]","[[34, 0, 172, 129], [184, 0, 303, 129], [359, 0, 571, 129], [705, 0, 813, 129], [818, 0, 899, 129], [928, 0, 1057, 129], [1227, 0, 1290, 129]]","['c', 'c', 'c', 'c', 'c', 'c', 'c']"
107,aviary_songs_chan13_chunk107.wav,"[[0.1223243297240515, 0.8456753297241448], [1.3895083297243218, 2.038940329724028], [2.915409329724298, 3.659880329724274], [4.11923432972435, 4.689467329724266], [5.217461329724301, 5.6609753297243515]]","[[25, 0, 180, 129], [297, 0, 436, 129], [624, 0, 783, 129], [882, 0, 1004, 129], [1117, 0, 1212, 129]]","['n', 'c', 'n', 'c', 'n']"
108,aviary_songs_chan13_chunk108.wav,"[[0.30552879437800584, 1.1027987943780317], [1.2664767943779225, 1.8261507943780089], [1.9264687943777972, 3.1778137943779257], [3.1778137943779257, 4.460837794378222]]","[[64, 0, 235, 129], [270, 0, 390, 129], [412, 0, 680, 129], [680, 0, 955, 129]]","['c', 'n', 'n', 'c']"
109,aviary_songs_chan13_chunk109.wav,"[[0.5121530000001258, 0.7180709999997816], [0.7013860000001841, 1.8230349999998907], [1.9385059999999612, 2.8996240000001308], [3.718582999999853, 4.997793999999885], [7.315997000000152, 8.577256999999918]]","[[109, 0, 153, 129], [149, 0, 390, 129], [414, 0, 620, 129], [796, 0, 1070, 129], [1567, 0, 1837, 129]]","['c', 'c', 'c', 'c', 'c']"
110,aviary_songs_chan13_chunk110.wav,"[[0.974041396811117, 1.7780413968112043], [1.8956373968107982, 2.1942533968108364], [2.618602396811184, 3.2236923968112023], [3.1647553968109605, 4.826789396810909], [4.870010396810812, 5.408304396810763]]","[[208, 0, 380, 129], [405, 0, 469, 129], [560, 0, 690, 129], [677, 0, 1033, 129], [1043, 0, 1158, 129]]","['c', 'c', 'c', 'c', 'c']"
111,aviary_songs_chan13_chunk111.wav,"[[0.04898914150226119, 0.6422921415023666], [1.1648701415024334, 1.6127941415024907], [1.4202651415025684, 2.0292841415025578], [1.9978511415024514, 2.630446141502489], [2.5675791415023923, 3.204103141502401], [3.1294491415023913, 3.6834601415025645], [6.314001141502558, 7.310001141502653]]","[[9, 0, 137, 129], [249, 0, 345, 129], [303, 0, 434, 129], [427, 0, 563, 129], [549, 0, 686, 129], [670, 0, 788, 129], [1352, 0, 1565, 129]]","['c', 'c', 'c', 'c', 'c', 'c', 'c']"
112,aviary_songs_chan13_chunk112.wav,"[[0.23157227951014647, 1.3126842795104494], [1.7776912795102362, 2.41669127951036], [2.8016912795101234, 3.935691279510138], [4.107691279510163, 4.760691279510411], [5.414725279510094, 6.180911279510383], [6.16519427951016, 6.939238279510391]]","[[49, 0, 280, 129], [380, 0, 517, 129], [599, 0, 842, 129], [879, 0, 1019, 129], [1159, 0, 1323, 129], [1320, 0, 1486, 129]]","['c', 'c', 'c', 'c', 'c', 'c']"
113,aviary_songs_chan13_chunk113.wav,"[[0.07675745336973705, 0.5639724533698427], [0.6307684533699103, 1.4676784533698992], [1.4676784533698992, 2.049194453369637], [2.151352453369782, 2.7328674533696358], [2.8507424533695485, 3.5265574533696054], [3.5265574533696054, 4.312389453369633], [4.312389453369633, 4.96462945336998], [4.96462945336998, 5.557932453369631]]","[[15, 0, 120, 129], [134, 0, 313, 129], [313, 0, 438, 129], [460, 0, 585, 129], [610, 0, 755, 129], [755, 0, 923, 129], [923, 0, 1063, 129], [1063, 0, 1190, 129]]","['c', 'c', 'c', 'c', 'c', 'c', 'c', 'c']"
114,aviary_songs_chan13_chunk114.wav,"[[0.352952217224356, 0.7294922172241058], [0.8257122172240088, 1.5709912172242184], [1.999270217223966, 2.3371772172240526], [3.3824262172242925, 4.042223217224091], [4.104079217224353, 4.908206217224233], [5.636732217224107, 7.375572217224089]]","[[75, 0, 155, 129], [176, 0, 336, 129], [427, 0, 500, 129], [724, 0, 865, 129], [878, 0, 1051, 129], [1207, 0, 1579, 129]]","['c', 'c', 'c', 'c', 'c', 'c']"
115,aviary_songs_chan13_chunk115.wav,"[[0.18946947706353967, 0.8849304770633353], [0.8849304770633353, 1.4585874770632472], [1.6471864770633147, 2.4212314770634293], [2.4762394770632454, 4.29543947706361], [4.912317477063425, 5.053766477063618]]","[[40, 0, 189, 129], [189, 0, 311, 129], [352, 0, 518, 129], [530, 0, 919, 129], [1052, 0, 1082, 129]]","['c', 'n', 'c', 'c', 'c']"
116,aviary_songs_chan13_chunk116.wav,"[[0.11075355009370469, 0.35436155009347203], [0.35436155009347203, 0.8062145500935003], [0.7708525500938777, 1.4741715500936152], [1.4741715500936152, 2.0321115500937594], [1.9810325500934596, 3.595916550093534], [4.204936550093862, 4.821813550093793], [5.8355365500938206, 6.464201550093549], [6.189160550093675, 6.699951550093829], [6.398331550093644, 7.058331550093499], [6.699951550093829, 6.990708550093586], [6.963204550093451, 7.462207550093808]]","[[23, 0, 75, 129], [75, 0, 172, 129], [164, 0, 315, 129], [315, 0, 434, 129], [423, 0, 769, 129], [900, 0, 1032, 129], [1249, 0, 1384, 129], [1325, 0, 1435, 129], [1370, 0, 1511, 129], [1435, 0, 1497, 129], [1491, 0, 1598, 129]]","['c', 'c', 'c', 'c', 'c', 'c', 'c', 'c', 'c', 'n', 'n']"
117,aviary_songs_chan13_chunk117.wav,"[[0.04542477119866817, 0.7212397711987251], [0.7212397711987251, 1.3656217711986756], [1.4015937711988045, 2.1239497711985678], [2.1396657711984517, 2.784047771198402], [3.809557771198797, 4.316419771198525], [4.524664771198786, 5.1336837711987755]]","[[9, 0, 153, 129], [153, 0, 292, 129], [299, 0, 454, 129], [457, 0, 596, 129], [815, 0, 924, 129], [968, 0, 1099, 129]]","['c', 'c', 'c', 'n', 'n', 'c']"
118,aviary_songs_chan13_chunk118.wav,"[[0.30635644128824424, 0.9271634412880303], [1.8780194412884157, 2.377022441288318], [2.479180441288463, 3.092129441288307], [3.3946744412883163, 4.046914441288209], [3.9840484412884507, 4.61664244128815], [4.636288441288343, 6.51442544128804]]","[[65, 0, 198, 129], [401, 0, 508, 129], [530, 0, 662, 129], [726, 0, 866, 129], [853, 0, 988, 129], [992, 0, 1395, 129]]","['n', 'c', 'c', 'c', 'c', 'c']"
119,aviary_songs_chan13_chunk119.wav,"[[0.8333286331007912, 1.8643286331007403], [2.4657046331008132, 3.255465633100812], [3.7898306331007916, 4.473504633100674], [4.540299633100858, 4.9292866331006735], [4.9292866331006735, 5.895859633100827]]","[[177, 0, 398, 129], [527, 0, 697, 129], [811, 0, 958, 129], [972, 0, 1055, 129], [1055, 0, 1262, 129]]","['c', 'n', 'c', 'c', 'c']"
120,aviary_songs_chan13_chunk120.wav,"[[0.0004009845065411355, 0.4994039845064435], [0.6054909845065595, 1.253801984506481], [1.7056549845065092, 2.2832419845067307], [2.3971869845067886, 6.428502984506849], [6.0120009845068125, 7.171113984506519]]","[[0, 0, 106, 129], [129, 0, 268, 129], [364, 0, 488, 129], [513, 0, 1376, 129], [1287, 0, 1536, 129]]","['c', 'c', 'n', 'n', 'c']"
121,aviary_songs_chan13_chunk121.wav,"[[0.05972986344795572, 1.287187863447798], [1.3107628634479624, 1.9905078634478741], [2.100523863447961, 2.8588518634478532], [3.2046168634478818, 3.911865863447929], [4.014023863447619, 4.37550586344787], [4.442301863447938, 4.748775863447918], [4.748775863447918, 5.4324498634478005]]","[[12, 0, 275, 129], [280, 0, 425, 129], [449, 0, 612, 129], [686, 0, 837, 129], [859, 0, 937, 129], [951, 0, 1017, 129], [1017, 0, 1163, 129]]","['c', 'c', 'c', 'n', 'n', 'n', 'c']"
122,aviary_songs_chan13_chunk122.wav,"[[0.006805888419421535, 1.3112858884196612], [1.3937978884196127, 2.1206928884198533], [2.710065888419649, 3.5744808884196573], [3.6059138884197637, 4.140279888419627], [4.415320888419501, 5.020410888419519]]","[[0, 0, 280, 129], [298, 0, 453, 129], [580, 0, 765, 129], [772, 0, 886, 129], [945, 0, 1075, 129]]","['c', 'c', 'c', 'c', 'c']"
123,aviary_songs_chan13_chunk123.wav,"[[0.23408286492940533, 1.3956008649292926], [1.8152508649291121, 3.0332888649290908], [3.170809864929197, 3.995932864929273], [4.439927864929359, 4.589235864929378], [4.636385864929252, 4.77390586492902], [4.8014098649291554, 4.935001864929291], [4.915355864929097, 5.060734864929145], [4.935001864929291, 5.638320864929028]]","[[49, 0, 298, 129], [388, 0, 649, 129], [678, 0, 855, 129], [950, 0, 982, 129], [992, 0, 1022, 129], [1028, 0, 1056, 129], [1052, 0, 1083, 129], [1056, 0, 1207, 129]]","['c', 'c', 'c', 'c', 'c', 'c', 'c', 'c']"
124,aviary_songs_chan13_chunk124.wav,"[[0.28846968057541744, 0.9014186805752615], [0.9014186805752615, 1.4318546805752703], [1.4122096805754154, 2.064449680575308], [2.3984276805754234, 3.14889668057549], [3.3099926805753057, 3.8482866805752565], [4.492668680575662, 5.148838680575409]]","[[61, 0, 192, 129], [192, 0, 306, 129], [302, 0, 441, 129], [513, 0, 674, 129], [708, 0, 824, 129], [962, 0, 1102, 129]]","['c', 'c', 'c', 'c', 'n', 'c']"
125,aviary_songs_chan13_chunk125.wav,"[[0.0881056516427634, 0.30813865164282106], [0.6342586516429947, 1.3611526516428967], [1.4004446516428288, 2.0173226516430987], [2.4456006516429625, 2.826728651642952], [2.791366651642875, 3.1607076516429515], [3.1253446516429904, 3.608631651643009], [3.6872146516429893, 3.8915306516428245], [4.017263651643134, 4.398391651643124], [4.476975651642988, 4.787378651642939], [4.889536651643084, 5.353177651642909]]","[[18, 0, 65, 129], [135, 0, 291, 129], [299, 0, 431, 129], [523, 0, 605, 129], [597, 0, 676, 129], [669, 0, 772, 129], [789, 0, 833, 129], [860, 0, 941, 129], [958, 0, 1025, 129], [1047, 0, 1146, 129]]","['c', 'c', 'c', 'c', 'c', 'c', 'n', 'n', 'n', 'n']"
126,aviary_songs_chan13_chunk126.wav,"[[0.08263663503430507, 0.4834106350340335], [0.5384196350341881, 1.214234635034245], [1.3006756350341675, 1.8625456350341665], [2.4833526350344073, 3.1120176350341353], [6.740079635034363, 7.689486635034427]]","[[17, 0, 103, 129], [114, 0, 259, 129], [278, 0, 398, 129], [531, 0, 666, 129], [1443, 0, 1647, 129]]","['n', 'c', 'c', 'c', 'c']"
127,aviary_songs_chan13_chunk127.wav,"[[0.012733215447042312, 0.6178242154469444], [0.602107215446722, 1.6394052154469136], [1.8397922154467778, 2.3702282154467866], [2.4330952154468832, 3.0578312154466403], [3.426574215446635, 4.6923602154470245], [4.759156215446637, 5.46247521544683]]","[[2, 0, 131, 129], [128, 0, 350, 129], [393, 0, 507, 129], [520, 0, 654, 129], [733, 0, 1004, 129], [1019, 0, 1169, 129]]","['c', 'c', 'c', 'c', 'c', 'c']"
128,aviary_songs_chan13_chunk128.wav,"[[0.20994195265984672, 0.6853699526600394], [0.7050159526597781, 1.0507819526596904], [1.295140952659949, 2.516357952659746], [3.3226419526599784, 4.755977952660032], [5.679596952659722, 6.889596952659758]]","[[44, 0, 146, 129], [150, 0, 224, 129], [276, 0, 538, 129], [711, 0, 1018, 129], [1216, 0, 1475, 129]]","['c', 'c', 'c', 'c', 'c']"
129,aviary_songs_chan13_chunk129.wav,"[[0.04903319196046141, 1.2846751919601047], [1.402265191960396, 2.7152651919604978], [3.471265191960356, 4.014265191960476], [5.060596191960485, 5.89098619196011]]","[[9, 0, 274, 129], [299, 0, 581, 129], [743, 0, 859, 129], [1083, 0, 1261, 129]]","['c', 'c', 'c', 'c']"
130,aviary_songs_chan13_chunk130.wav,"[[0.06466130086255362, 0.8550433008626896], [0.8756623008625866, 1.9670313008628], [2.261718300862867, 3.5698333008626832], [4.866750300862805, 5.53077730086261], [5.479698300862765, 7.377481300862655]]","[[13, 0, 182, 129], [187, 0, 420, 129], [484, 0, 764, 129], [1042, 0, 1184, 129], [1173, 0, 1580, 129]]","['c', 'c', 'c', 'c', 'n']"
131,aviary_songs_chan13_chunk131.wav,"[[0.10602354424872829, 1.0512875442486802], [1.617228544248519, 1.8722285442486282], [3.0957285442486864, 3.8645645442484238], [3.986368544248762, 5.480620544248723]]","[[22, 0, 224, 129], [345, 0, 400, 129], [662, 0, 827, 129], [853, 0, 1173, 129]]","['c', 'c', 'c', 'c']"
132,aviary_songs_chan13_chunk132.wav,"[[2.130838194035732, 2.7870071940355956], [2.845945194035721, 3.4667521940355073], [3.6239181940354683, 4.397962194035699], [6.685903194035745, 7.833903194035429]]","[[456, 0, 596, 129], [609, 0, 742, 129], [775, 0, 941, 129], [1432, 0, 1678, 129]]","['c', 'c', 'c', 'c']"
133,aviary_songs_chan13_chunk133.wav,"[[0.14271554617926085, 0.7163725461791728], [0.7595935461795307, 1.3961165461792007], [1.473602546179336, 2.841602546179274], [2.818471546179353, 3.6632405461791677], [3.631807546179516, 4.327268546179312], [4.464087546179144, 5.686757546179251]]","[[30, 0, 152, 129], [162, 0, 298, 129], [315, 0, 608, 129], [603, 0, 784, 129], [777, 0, 926, 129], [956, 0, 1218, 129]]","['c', 'c', 'c', 'n', 'c', 'c']"
134,aviary_songs_chan13_chunk134.wav,"[[0.005885412441330118, 0.8860174124415607], [0.8663714124413673, 1.5343284124414822], [1.6797074124415303, 2.6737834124414803], [2.6737834124414803, 3.8053814124414203], [4.563708412441429, 5.769960412441378]]","[[0, 0, 189, 129], [185, 0, 328, 129], [359, 0, 572, 129], [572, 0, 814, 129], [977, 0, 1235, 129]]","['c', 'c', 'c', 'c', 'c']"
135,aviary_songs_chan13_chunk135.wav,"[[0.19049826788932478, 1.173177267889514], [1.644676267889281, 2.776273267889337], [2.8155652678892693, 3.243843267889133], [3.1613312678891816, 3.9314462678894415], [4.139691267889248, 4.642623267889121], [4.664747267889197, 5.428455267889149]]","[[40, 0, 250, 129], [351, 0, 594, 129], [602, 0, 694, 129], [676, 0, 841, 129], [886, 0, 994, 129], [999, 0, 1162, 129]]","['c', 'c', 'c', 'c', 'c', 'c']"
136,aviary_songs_chan13_chunk136.wav,"[[0.12937432575108687, 0.911276325750805], [3.8652473257507154, 4.7500633257509435], [4.879726325751108, 6.050825325750793]]","[[27, 0, 194, 129], [827, 0, 1017, 129], [1045, 0, 1296, 129]]","['c', 'c', 'c']"
137,aviary_songs_chan13_chunk137.wav,"[[0.014189869439633185, 0.8057228694397054], [0.8057228694397054, 2.173069869439587], [2.1922158694396785, 3.0442158694395403], [5.203215869439646, 6.240215869439453]]","[[2, 0, 172, 129], [172, 0, 465, 129], [469, 0, 651, 129], [1114, 0, 1336, 129]]","['c', 'c', 'c', 'c']"
138,aviary_songs_chan13_chunk138.wav,"[[0.32202644616472753, 1.3333534461644376], [1.4699084461644816, 2.672908446164456], [2.672908446164456, 4.0199084461646635], [3.347478446164587, 4.015435446164702], [4.046868446164808, 4.6519584461648265]]","[[68, 0, 285, 129], [314, 0, 572, 129], [572, 0, 860, 129], [716, 0, 859, 129], [866, 0, 996, 129]]","['c', 'c', 'c', 'c', 'c']"
139,aviary_songs_chan13_chunk139.wav,"[[0.6529999999997926, 1.9039999999999964], [1.6197950000000674, 2.2550759999999173], [2.5979999999999563, 3.9729999999999563], [4.374135000000024, 4.853027000000111], [4.989999999999782, 6.2199999999998]]","[[139, 0, 407, 129], [346, 0, 482, 129], [556, 0, 850, 129], [936, 0, 1039, 129], [1068, 0, 1332, 129]]","['c', 'n', 'c', 'c', 'c']"
140,aviary_songs_chan13_chunk140.wav,"[[0.14944612199542462, 0.9278831219953645], [1.2484171219953168, 2.6157641219951984], [3.461421121995045, 4.51747612199506], [5.955949121995218, 7.336949121995076]]","[[31, 0, 198, 129], [266, 0, 559, 129], [741, 0, 967, 129], [1275, 0, 1571, 129]]","['n', 'c', 'c', 'c']"
141,aviary_songs_chan13_chunk141.wav,"[[0.09766558578530748, 0.6752515857851904], [1.2842705857851797, 1.983660585785401], [1.6929035857851886, 2.337285585785139], [2.4237265857850616, 3.2331335857852537], [3.3706535857850213, 3.9207355857852235], [3.999318585785204, 4.7458585857852995], [5.231662585785216, 6.372530585785171]]","[[20, 0, 144, 129], [274, 0, 424, 129], [362, 0, 500, 129], [518, 0, 692, 129], [721, 0, 839, 129], [856, 0, 1016, 129], [1120, 0, 1364, 129]]","['c', 'c', 'c', 'c', 'c', 'c', 'c']"
142,aviary_songs_chan13_chunk142.wav,"[[0.024380831689541083, 0.7552038316894141], [1.1692148316892599, 2.62941183168914], [3.3135558316894276, 4.3543118316893015], [5.654863831689454, 6.27567083168924]]","[[4, 0, 161, 129], [249, 0, 562, 129], [709, 0, 932, 129], [1211, 0, 1344, 129]]","['c', 'c', 'c', 'c']"
143,aviary_songs_chan13_chunk143.wav,"[[0.03386385366684408, 0.8157668536669007], [1.5740938536669091, 1.896284853666657], [2.1831138536667822, 2.7882038536668006], [4.029042853666851, 4.980673853666758], [5.251980853666737, 5.663980853666544]]","[[6, 0, 174, 129], [336, 0, 405, 129], [467, 0, 596, 129], [862, 0, 1066, 129], [1124, 0, 1213, 129]]","['c', 'c', 'c', 'c', 'c']"
144,aviary_songs_chan13_chunk144.wav,"[[0.010030790920609434, 1.2954197909207323], [1.6178567909205412, 2.256856790920665], [3.5546857909207574, 4.3326587909205045], [4.1538567909205995, 5.431856790920847]]","[[1, 0, 277, 129], [346, 0, 483, 129], [761, 0, 927, 129], [889, 0, 1163, 129]]","['c', 'c', 'c', 'c']"
145,aviary_songs_chan13_chunk145.wav,"[[0.12209116194480885, 0.933091161944958], [2.1777701619448635, 3.2437001619446164], [3.3104951619448, 4.430305161944943], [4.599259161944701, 5.212208161945]]","[[25, 0, 199, 129], [466, 0, 694, 129], [708, 0, 948, 129], [984, 0, 1116, 129]]","['c', 'c', 'c', 'c']"
146,aviary_songs_chan13_chunk146.wav,"[[0.014604383984078595, 0.5725443839842228], [1.3151553839843473, 1.6530633839843176], [1.7401203839840491, 3.1972223839843537], [3.884460383984333, 4.941768383984254], [5.16281738398402, 5.975136383984136]]","[[2, 0, 122, 129], [281, 0, 353, 129], [372, 0, 684, 129], [831, 0, 1058, 129], [1105, 0, 1279, 129]]","['c', 'c', 'c', 'c', 'c']"
147,aviary_songs_chan13_chunk147.wav,"[[0.04542574749666528, 0.5051367474966355], [0.6230117474965482, 1.9039167474966234], [2.2316177474967844, 3.353776747496795], [3.562021747496601, 3.9667247474967553], [4.041378747496765, 4.689689747496686], [4.595405747496443, 6.4784057474967085], [6.0963287474965, 6.497102747496683]]","[[9, 0, 107, 129], [132, 0, 407, 129], [477, 0, 718, 129], [762, 0, 849, 129], [865, 0, 1004, 129], [984, 0, 1387, 129], [1305, 0, 1391, 129]]","['c', 'c', 'c', 'n', 'c', 'c', 'c']"
148,aviary_songs_chan13_chunk148.wav,"[[0.027880173087396543, 0.5740331730876278], [0.9503171730875692, 1.8643171730877839], [1.8643171730877839, 2.2903171730877148], [2.6411441730874685, 3.6373171730874674], [3.6819971730874386, 4.255654173087805], [4.601420173087718, 4.774303173087446], [4.758586173087679, 4.998265173087475], [5.053273173087746, 5.410826173087571]]","[[5, 0, 122, 129], [203, 0, 398, 129], [398, 0, 490, 129], [565, 0, 778, 129], [788, 0, 911, 129], [985, 0, 1022, 129], [1019, 0, 1070, 129], [1082, 0, 1158, 129]]","['c', 'c', 'c', 'c', 'n', 'c', 'c', 'n']"
149,aviary_songs_chan13_chunk149.wav,"[[0.00697545275079392, 0.6081364527508413], [0.7417274527506379, 1.2485894527508208], [1.2485894527508208, 1.8340334527506457], [2.678802452750915, 3.401767452750846], [3.574650452750575, 4.171882452750651], [4.391915452750709, 4.957713452750795], [5.904640452750755, 6.348635452750841]]","[[0, 0, 129, 129], [158, 0, 266, 129], [266, 0, 392, 129], [573, 0, 728, 129], [765, 0, 893, 129], [940, 0, 1061, 129], [1264, 0, 1359, 129]]","['c', 'c', 'c', 'c', 'c', 'c', 'n']"
150,aviary_songs_chan13_chunk150.wav,"[[0.04616963786293127, 0.3880056378629888], [0.4862346378631628, 0.7927096378630267], [0.710549637863096, 2.091549637862954], [2.226851637863092, 2.9223126378628876], [8.01843063786282, 9.24825663786305], [9.197177637862751, 9.83370163786276]]","[[9, 0, 82, 129], [103, 0, 169, 129], [151, 0, 447, 129], [476, 0, 625, 129], [1717, 0, 1981, 129], [1970, 0, 2106, 129]]","['n', 'n', 'c', 'c', 'c', 'c']"
151,aviary_songs_chan13_chunk151.wav,"[[0.22689551735675195, 1.0694555173568006], [1.0832015173568834, 1.8868345173568741], [1.8942025173564616, 2.5677445173564593], [2.629600517356721, 3.5174345173568327], [3.529948517356843, 4.747261517356492], [5.736145517356817, 6.645044517356837], [6.643366517356753, 7.285496517356478]]","[[48, 0, 228, 129], [231, 0, 403, 129], [405, 0, 549, 129], [562, 0, 753, 129], [755, 0, 1016, 129], [1228, 0, 1423, 129], [1423, 0, 1560, 129]]","['c', 'c', 'c', 'c', 'c', 'c', 'c']"
152,aviary_songs_chan13_chunk152.wav,"[[0.06464686769095351, 1.211646867690888], [1.2042858676909418, 1.7975888676910472], [1.9547398676909324, 3.8250348676911017], [6.105646867691121, 6.978646867691168]]","[[13, 0, 259, 129], [257, 0, 384, 129], [418, 0, 819, 129], [1307, 0, 1494, 129]]","['c', 'c', 'c', 'c']"
153,aviary_songs_chan13_chunk153.wav,"[[0.16956562636414674, 0.9750436263639131], [1.3216366263641248, 1.5346366263638629], [1.582636626364092, 2.0226366263641467], [2.015845626363898, 3.0736366263640775], [3.976919626364179, 4.6252306263641], [5.607520626364021, 6.13795662636403]]","[[35, 0, 208, 129], [282, 0, 328, 129], [338, 0, 432, 129], [431, 0, 658, 129], [851, 0, 990, 129], [1201, 0, 1314, 129]]","['c', 'c', 'c', 'c', 'c', 'c']"
154,aviary_songs_chan13_chunk154.wav,"[[0.36814386486639705, 1.1930838648663666], [1.1722708648662774, 1.7626348648664134], [2.126634864866446, 3.4056348648664425], [3.955281864866265, 4.277472864866468], [4.90363486486649, 5.81763486486625]]","[[78, 0, 255, 129], [250, 0, 377, 129], [455, 0, 729, 129], [846, 0, 916, 129], [1050, 0, 1246, 129]]","['c', 'c', 'c', 'c', 'c']"
155,aviary_songs_chan13_chunk155.wav,"[[0.5592905318244448, 0.8822905318243102], [0.9441935318241121, 1.8372905318242374], [2.5973845318244457, 3.1671125318243867], [4.3183555318241815, 4.927375531824055], [5.088470531824441, 6.561904531824439]]","[[119, 0, 188, 129], [201, 0, 393, 129], [556, 0, 678, 129], [924, 0, 1055, 129], [1089, 0, 1405, 129]]","['c', 'c', 'c', 'c', 'c']"
156,aviary_songs_chan13_chunk156.wav,"[[0.048619006504395657, 0.2647230065044823], [0.3393770065044919, 0.6537100065042978], [0.7087180065041139, 1.0662710065043939], [1.105563006504326, 1.4788330065043738], [3.3026180065044173, 4.924618006504261], [7.34361800650413, 7.906618006504232], [7.824618006504352, 8.800618006504465]]","[[9, 0, 56, 129], [72, 0, 139, 129], [151, 0, 227, 129], [236, 0, 316, 129], [707, 0, 1054, 129], [1573, 0, 1693, 129], [1676, 0, 1885, 129]]","['n', 'n', 'n', 'n', 'c', 'c', 'c']"
157,aviary_songs_chan13_chunk157.wav,"[[0.1151254499782226, 0.6511254499782808], [0.7891254499782008, 1.1601254499782954], [2.0273894499782728, 2.553896449977856], [2.6039734499781844, 3.705140449977989], [4.047125449978012, 4.789125449978201], [4.773870449977949, 5.225724449977861]]","[[24, 0, 138, 129], [168, 0, 248, 129], [433, 0, 546, 129], [557, 0, 793, 129], [866, 0, 1025, 129], [1022, 0, 1119, 129]]","['c', 'c', 'c', 'c', 'c', 'c']"
158,aviary_songs_chan13_chunk158.wav,"[[0.008895206195575156, 0.5825522061954871], [0.7547922061958161, 1.2907922061958743], [1.5521002061955187, 2.511768206195484], [4.20916420619551, 4.54707220619548]]","[[1, 0, 124, 129], [161, 0, 276, 129], [332, 0, 537, 129], [901, 0, 973, 129]]","['c', 'c', 'c', 'c']"
159,aviary_songs_chan13_chunk159.wav,"[[1.4570000000003347, 1.7460000000000946], [1.7460000000000946, 3.1340000000000146], [3.610406000000239, 4.3137250000004315], [5.484773000000132, 6.295977000000221]]","[[311, 0, 373, 129], [373, 0, 671, 129], [773, 0, 923, 129], [1174, 0, 1348, 129]]","['c', 'c', 'c', 'c']"
160,aviary_songs_chan13_chunk160.wav,"[[0.006488233580512315, 0.2951502335808982], [0.515020233580799, 1.6140202335805043], [1.6783662335806184, 2.310960233580772], [2.5034892335806944, 3.7765362335808277], [3.827813233580855, 5.078678233580831]]","[[0, 0, 62, 129], [109, 0, 345, 129], [359, 0, 494, 129], [535, 0, 808, 129], [819, 0, 1087, 129]]","['c', 'c', 'c', 'c', 'c']"
161,aviary_songs_chan13_chunk161.wav,"[[0.3888820635961565, 0.9939720635961748], [0.9782560635962909, 1.8976790635961152], [2.0942370635962106, 3.2902370635961233], [3.2902370635961233, 4.348237063596116], [5.384871063596165, 7.194392063596297]]","[[82, 0, 212, 129], [209, 0, 406, 129], [448, 0, 704, 129], [704, 0, 931, 129], [1153, 0, 1541, 129]]","['c', 'c', 'c', 'c', 'n']"
162,aviary_songs_chan13_chunk162.wav,"[[0.05086148618693187, 1.2766124861868775], [1.438248486187149, 2.731248486187269], [2.8168424861869426, 3.7441234861871635], [4.26670148618723, 5.103612486187103]]","[[10, 0, 272, 129], [307, 0, 584, 129], [603, 0, 801, 129], [913, 0, 1093, 129]]","['c', 'c', 'c', 'c']"
163,aviary_songs_chan13_chunk163.wav,"[[0.06101165465724989, 0.8389846546574518], [1.008936654657191, 2.2319366546571473], [3.667978654657418, 4.273683654657361], [4.312360654657368, 4.6791836546572085], [5.084683654657056, 6.076552654657462]]","[[12, 0, 179, 129], [215, 0, 477, 129], [785, 0, 915, 129], [923, 0, 1002, 129], [1089, 0, 1301, 129]]","['c', 'c', 'c', 'c', 'c']"
164,aviary_songs_chan13_chunk164.wav,"[[0.0047897838112476165, 0.26039878381106973], [1.8432867838114362, 2.9440137838114424], [3.6164907838110594, 4.67677278381143], [4.998963783811178, 6.118772783811437]]","[[0, 0, 55, 129], [394, 0, 630, 129], [774, 0, 1001, 129], [1070, 0, 1310, 129]]","['n', 'c', 'c', 'c']"
165,aviary_songs_chan13_chunk165.wav,"[[0.045665444930364174, 0.6196654449304333], [0.7344654449302652, 1.4299264449305156], [1.3945634449305544, 2.9269354449302227], [2.856210444930639, 3.5988214449303086], [3.5438124449306088, 4.027099444930627], [4.156761444930453, 4.498598444930394], [4.990665444930528, 5.657665444930444]]","[[9, 0, 132, 129], [156, 0, 305, 129], [298, 0, 626, 129], [611, 0, 770, 129], [758, 0, 862, 129], [890, 0, 963, 129], [1068, 0, 1211, 129]]","['c', 'c', 'c', 'c', 'n', 'n', 'c']"
166,aviary_songs_chan13_chunk166.wav,"[[0.7543980000000374, 1.540230000000065], [1.4734339999999975, 3.0843889999996463], [3.396005999999943, 4.33800599999995], [5.092188999999962, 5.661916000000019]]","[[161, 0, 329, 129], [315, 0, 660, 129], [727, 0, 929, 129], [1090, 0, 1212, 129]]","['c', 'c', 'c', 'c']"
167,aviary_songs_chan13_chunk167.wav,"[[0.01333696868368861, 0.614497968683736], [0.6420019686834166, 1.2667379686836284], [1.486770968683686, 1.647866968683502], [1.6753709686836373, 1.8403949686835404], [2.4101229686834813, 3.5810119686834696], [3.5810119686834696, 4.0918029686836235], [5.879569968683427, 6.685046968683764]]","[[2, 0, 131, 129], [137, 0, 270, 129], [318, 0, 352, 129], [358, 0, 393, 129], [515, 0, 766, 129], [766, 0, 876, 129], [1259, 0, 1431, 129]]","['c', 'c', 'c', 'c', 'c', 'c', 'c']"
168,aviary_songs_chan13_chunk168.wav,"[[0.36395844088565354, 1.0437034408855652], [1.3619644408854583, 2.5721454408858335], [2.4896334408854273, 3.2715354408856], [3.2625314408855957, 4.957531440885759], [5.534730440885596, 5.6761794408857895]]","[[77, 0, 223, 129], [291, 0, 550, 129], [532, 0, 700, 129], [698, 0, 1061, 129], [1185, 0, 1215, 129]]","['c', 'c', 'c', 'c', 'c']"
169,aviary_songs_chan13_chunk169.wav,"[[0.02766527731819224, 0.1730442773177856], [0.19269027731797905, 0.4166522773180077], [0.9785222773180067, 1.8272202773177924], [1.8845042773177738, 2.671988277318178], [2.6484142773178974, 3.1592042773181674], [3.1869162773177777, 3.713215277317886], [4.400818277318194, 4.982333277318048], [4.801592277317923, 5.5834942773180956]]","[[5, 0, 36, 129], [40, 0, 88, 129], [209, 0, 390, 129], [403, 0, 571, 129], [566, 0, 676, 129], [682, 0, 795, 129], [942, 0, 1067, 129], [1028, 0, 1195, 129]]","['c', 'c', 'c', 'c', 'c', 'c', 'c', 'c']"
170,aviary_songs_chan13_chunk170.wav,"[[0.0801757371759777, 1.14497773717585], [1.4671687371760527, 2.3590867371758577], [2.2922917371761287, 2.7166407371760215], [2.8963737371759635, 3.5283737371760253], [4.0054047371759225, 5.023055737176037]]","[[16, 0, 244, 129], [313, 0, 504, 129], [490, 0, 581, 129], [620, 0, 755, 129], [857, 0, 1075, 129]]","['c', 'c', 'c', 'c', 'c']"
171,aviary_songs_chan13_chunk171.wav,"[[0.08690120295659653, 0.9316702029564112], [1.1595612029564109, 1.8432352029562935], [2.0947012029564576, 3.0809192029564656], [3.0298402029566205, 4.3068172029566085], [5.905984202956461, 6.216387202956412], [6.161379202956596, 6.4874992029563145]]","[[18, 0, 199, 129], [247, 0, 394, 129], [448, 0, 659, 129], [648, 0, 922, 129], [1264, 0, 1331, 129], [1319, 0, 1389, 129]]","['c', 'c', 'c', 'c', 'c', 'c']"
172,aviary_songs_chan13_chunk172.wav,"[[0.13584112251510305, 0.81165612251516], [0.8548771225150631, 1.0698661225151227], [1.2004511225150054, 2.2379401225152833], [2.351886122515225, 3.377396122515165], [3.597429122515223, 4.37540212251497], [4.457914122515376, 5.176950122515336]]","[[28, 0, 173, 129], [182, 0, 228, 129], [256, 0, 478, 129], [503, 0, 723, 129], [770, 0, 937, 129], [954, 0, 1108, 129]]","['c', 'c', 'c', 'c', 'c', 'n']"
173,aviary_songs_chan13_chunk173.wav,"[[0.5148770454261467, 1.2496300454263292], [1.265346045426213, 1.8036410454265024], [2.059317045426269, 3.646416045426122]]","[[109, 0, 267, 129], [270, 0, 385, 129], [440, 0, 780, 129]]","['c', 'c', 'c']"
174,aviary_songs_chan13_chunk174.wav,"[[1.7956250000002, 2.7268349999999373], [2.8486390000002757, 3.3908630000000812], [3.406578999999965, 4.337790000000041], [4.86822600000005, 6.251290000000154]]","[[384, 0, 583, 129], [609, 0, 726, 129], [729, 0, 928, 129], [1042, 0, 1338, 129]]","['c', 'c', 'c', 'c']"
175,aviary_songs_chan13_chunk175.wav,"[[0.15976837635571428, 1.5742653763559247], [1.770723376355818, 3.4484733763561053], [3.672435376356134, 4.281455376356007], [4.458267376355707, 5.106578376356083]]","[[33, 0, 336, 129], [378, 0, 738, 129], [786, 0, 916, 129], [954, 0, 1093, 129]]","['c', 'c', 'c', 'c']"
176,aviary_songs_chan13_chunk176.wav,"[[0.014337861830426846, 0.6547908618304064], [1.5074178618306178, 2.281461861830394], [2.3443288618304905, 3.2087438618304986], [3.248034861830547, 3.664525861830498], [3.6252338618305657, 4.328552861830303], [4.72932786183037, 6.214548861830735]]","[[2, 0, 139, 129], [322, 0, 488, 129], [501, 0, 687, 129], [695, 0, 784, 129], [776, 0, 926, 129], [1012, 0, 1331, 129]]","['c', 'c', 'c', 'c', 'c', 'c']"
177,aviary_songs_chan13_chunk177.wav,"[[0.16627037421903879, 1.3622703742189515], [1.909458374218957, 3.0135513742188778], [3.483270374219046, 4.42427037421885], [4.781672374218942, 6.616589374219075]]","[[35, 0, 291, 129], [408, 0, 645, 129], [745, 0, 947, 129], [1024, 0, 1417, 129]]","['c', 'c', 'c', 'c']"
178,aviary_songs_chan13_chunk178.wav,"[[0.004999559409952781, 1.215180559410328], [1.745616559409882, 2.091382559410249], [2.091382559410249, 2.3939275594102583], [2.6925435594102964, 3.694478559410072], [3.7769905594100237, 5.018604559410051]]","[[0, 0, 259, 129], [373, 0, 447, 129], [447, 0, 512, 129], [576, 0, 791, 129], [808, 0, 1074, 129]]","['c', 'c', 'c', 'c', 'c']"
179,aviary_songs_chan13_chunk179.wav,"[[0.02547583655359631, 1.188505836553304], [1.3338848365533522, 2.2459518365535587], [3.758175836553619, 4.638306836553511], [4.595085836553608, 5.620538836553351], [5.479109836553562, 7.0941098365533435]]","[[4, 0, 254, 129], [285, 0, 480, 129], [804, 0, 993, 129], [984, 0, 1203, 129], [1173, 0, 1519, 129]]","['c', 'c', 'c', 'c', 'c']"
180,aviary_songs_chan13_chunk180.wav,"[[0.05716310730531404, 0.5600951073051874], [0.6395181073053209, 1.426518107305128], [1.7034801073050403, 3.0079611073051638], [4.3045831073054615, 5.039335107305305]]","[[11, 0, 119, 129], [136, 0, 305, 129], [364, 0, 643, 129], [921, 0, 1079, 129]]","['c', 'c', 'c', 'c']"
181,aviary_songs_chan13_chunk181.wav,"[[0.5626243605456693, 1.7688763605456188], [2.16179236054586, 2.582211360545898], [2.622470360545776, 3.293389360545916], [3.3405393605457903, 3.9927793605456827], [3.965275360546002, 4.64501936054603], [5.485859360545874, 5.973075360545863]]","[[119, 0, 378, 129], [462, 0, 552, 129], [561, 0, 705, 129], [715, 0, 855, 129], [849, 0, 994, 129], [1174, 0, 1279, 129]]","['c', 'c', 'c', 'c', 'c', 'c']"
182,aviary_songs_chan13_chunk182.wav,"[[0.01304868432089279, 0.15704868432112562], [0.25607968432086636, 0.9279656843209523], [0.9043906843212426, 1.041911684320894], [1.0546016843209145, 1.6234266843212026], [1.6548596843208543, 2.2481626843209597], [2.2481626843209597, 2.7668116843210555], [2.5114166843209205, 3.793446684321225], [3.9850486843211, 4.339048684320915], [4.339048684320915, 4.8580486843211474], [4.8580486843211474, 5.243048684320911]]","[[2, 0, 33, 129], [54, 0, 198, 129], [193, 0, 222, 129], [225, 0, 347, 129], [354, 0, 481, 129], [481, 0, 592, 129], [537, 0, 812, 129], [853, 0, 929, 129], [929, 0, 1040, 129], [1040, 0, 1122, 129]]","['n', 'c', 'c', 'c', 'c', 'c', 'c', 'c', 'c', 'c']"
183,aviary_songs_chan13_chunk183.wav,"[[0.5418817742101965, 0.7737017742101671], [0.7540557742099736, 0.9780177742100022], [0.9623017742101183, 1.2255547742101953], [1.755990774210204, 2.3964437742101836], [2.4300047742099196, 3.647004774210018], [3.6380577742102105, 5.245051774209969]]","[[115, 0, 165, 129], [161, 0, 209, 129], [205, 0, 262, 129], [375, 0, 512, 129], [520, 0, 780, 129], [779, 0, 1123, 129]]","['c', 'c', 'c', 'c', 'c', 'c']"
184,aviary_songs_chan13_chunk184.wav,"[[0.13201873153775523, 0.3441937315378709], [0.3441937315378709, 0.5445807315377351], [0.5445807315377351, 0.6663847315380735], [0.756754731537967, 1.0082217315380149], [1.1064497315378503, 1.8726357315376845], [1.8726357315376845, 2.4345057315376835], [2.407001731538003, 2.85492573153806], [2.8824297315377407, 3.436440731537914], [4.120113731537913, 4.607329731537902], [4.587683731537709, 4.941307731538018], [7.121990731538062, 8.182863731537964]]","[[27, 0, 73, 129], [73, 0, 116, 129], [116, 0, 142, 129], [161, 0, 215, 129], [236, 0, 400, 129], [400, 0, 521, 129], [515, 0, 611, 129], [617, 0, 735, 129], [882, 0, 986, 129], [982, 0, 1058, 129], [1525, 0, 1752, 129]]","['c', 'c', 'c', 'c', 'c', 'c', 'c', 'c', 'c', 'c', 'c']"
185,aviary_songs_chan13_chunk185.wav,"[[0.5148546573836938, 2.128140657383483], [2.3010236573836664, 2.9650516573838104], [3.1340046573836844, 3.8451826573837025], [4.253814657383828, 4.703878657383484], [4.772428657383443, 5.339428657383451]]","[[109, 0, 455, 129], [492, 0, 634, 129], [671, 0, 823, 129], [910, 0, 1007, 129], [1022, 0, 1143, 129]]","['c', 'c', 'c', 'c', 'c']"
186,aviary_songs_chan13_chunk186.wav,"[[0.08071516732024975, 0.9687041673200838], [1.015854167319958, 1.3891241673200057], [1.730961167319947, 2.5718011673202454], [2.599305167319926, 2.795763167320274], [2.744684167319974, 2.9254251673200997], [2.8979211673199643, 3.483365167320244], [3.4637191673200505, 4.200840167320166], [4.599246167319961, 4.831066167319932], [6.035077167320196, 7.0770771673201125]]","[[16, 0, 207, 129], [217, 0, 297, 129], [370, 0, 550, 129], [556, 0, 598, 129], [587, 0, 626, 129], [620, 0, 745, 129], [741, 0, 899, 129], [984, 0, 1034, 129], [1292, 0, 1515, 129]]","['c', 'c', 'c', 'c', 'c', 'c', 'c', 'c', 'c']"
187,aviary_songs_chan13_chunk187.wav,"[[0.02837499842962643, 1.433879998429802], [1.4569309984299252, 1.8599309984297179], [1.989930998429827, 2.371930998429889], [2.461375998429503, 3.231139998429626], [3.2861229984296187, 3.8722759984298136], [3.844771998429678, 4.320199998429871], [4.414499998429619, 4.944935998429628], [5.1217479984297825, 5.825653998429516]]","[[5, 0, 306, 129], [311, 0, 397, 129], [425, 0, 507, 129], [526, 0, 691, 129], [703, 0, 829, 129], [823, 0, 925, 129], [945, 0, 1059, 129], [1096, 0, 1247, 129]]","['c', 'c', 'c', 'c', 'c', 'c', 'c', 'c']"
188,aviary_songs_chan13_chunk188.wav,"[[0.0292813890441721, 0.7187923890442107], [0.7394043890444664, 1.1991153890444366], [1.4720113890443827, 2.10801138904435], [3.3444363890444038, 3.6375463890444735], [3.6351933890441614, 4.389592389044537], [4.73377138904425, 5.682284389044526]]","[[5, 0, 153, 129], [157, 0, 256, 129], [314, 0, 451, 129], [716, 0, 778, 129], [778, 0, 940, 129], [1013, 0, 1216, 129]]","['c', 'c', 'c', 'c', 'c', 'c']"
